kind	name	rust_symbol	rust_test	evidence	status
function	fdb_blob_make	fdb_blob_make	c_test_fdb_create_kv_blob_acceptance	reports/evidence/api-c-link.json	PASS
function	fdb_blob_read	fdb_blob_read	c_test_fdb_create_kv_blob_acceptance	reports/evidence/api-c-link.json	PASS
function	fdb_calc_crc32	fdb_calc_crc32	status_bits_follow_flashdb_predecrement_encoding	reports/evidence/api-c-link.json	PASS
function	fdb_kv_del	fdb_kv_del	c_test_fdb_del_kv_acceptance	reports/evidence/api-c-link.json	PASS
function	fdb_kv_get	fdb_kv_get	c_test_fdb_create_kv_acceptance	reports/evidence/api-c-link.json	PASS
function	fdb_kv_get_blob	fdb_kv_get_blob	c_test_fdb_create_kv_blob_acceptance	reports/evidence/api-c-link.json	PASS
function	fdb_kv_get_obj	fdb_kv_get_obj	c_test_fdb_create_kv_blob_acceptance	reports/evidence/api-c-link.json	PASS
function	fdb_kv_iterate	fdb_kv_iterate	c_test_fdb_gc_acceptance	reports/evidence/api-c-link.json	PASS
function	fdb_kv_iterator_init	fdb_kv_iterator_init	c_test_fdb_gc_acceptance	reports/evidence/api-c-link.json	PASS
function	fdb_kv_print	fdb_kv_print	c_test_fdb_create_kv_acceptance	reports/evidence/api-c-link.json	PASS
function	fdb_kv_set	fdb_kv_set	c_test_fdb_change_kv_acceptance	reports/evidence/api-c-link.json	PASS
function	fdb_kv_set_blob	fdb_kv_set_blob	c_test_fdb_change_kv_blob_acceptance	reports/evidence/api-c-link.json	PASS
function	fdb_kv_set_default	fdb_kv_set_default	c_test_fdb_kvdb_set_default_acceptance	reports/evidence/api-c-link.json	PASS
function	fdb_kv_to_blob	fdb_kv_to_blob	c_test_fdb_create_kv_blob_acceptance	reports/evidence/api-c-link.json	PASS
function	fdb_kvdb_check	fdb_kvdb_check	test_fdb_kvdb_check	reports/evidence/api-c-link.json	PASS
function	fdb_kvdb_control	fdb_kvdb_control	c_test_fdb_kvdb_init_acceptance	reports/evidence/api-c-link.json	PASS
function	fdb_kvdb_deinit	fdb_kvdb_deinit	c_test_fdb_kvdb_deinit_acceptance	reports/evidence/api-c-link.json	PASS
function	fdb_kvdb_init	fdb_kvdb_init	c_test_fdb_kvdb_init_acceptance	reports/evidence/api-c-link.json	PASS
function	fdb_tsdb_control	fdb_tsdb_control	c_test_fdb_tsdb_init_ex_acceptance	reports/evidence/api-c-link.json	PASS
function	fdb_tsdb_deinit	fdb_tsdb_deinit	c_test_fdb_tsdb_deinit_acceptance	reports/evidence/api-c-link.json	PASS
function	fdb_tsdb_init	fdb_tsdb_init	c_test_fdb_tsdb_init_ex_acceptance	reports/evidence/api-c-link.json	PASS
function	fdb_tsl_append	fdb_tsl_append	c_test_fdb_tsl_append_acceptance	reports/evidence/api-c-link.json	PASS
function	fdb_tsl_append_with_ts	fdb_tsl_append_with_ts	test_fdb_tsl_append_with_ts	reports/evidence/api-c-link.json	PASS
function	fdb_tsl_clean	fdb_tsl_clean	c_test_fdb_tsl_clean_first_acceptance	reports/evidence/api-c-link.json	PASS
function	fdb_tsl_iter	fdb_tsl_iter	c_test_fdb_tsl_iter_acceptance	reports/evidence/api-c-link.json	PASS
function	fdb_tsl_iter_by_time	fdb_tsl_iter_by_time	c_test_fdb_tsl_iter_by_time_acceptance	reports/evidence/api-c-link.json	PASS
function	fdb_tsl_iter_reverse	fdb_tsl_iter_reverse	test_fdb_tsl_iter_reverse	reports/evidence/api-c-link.json	PASS
function	fdb_tsl_max_blob_count	fdb_tsl_max_blob_count	test_fdb_tsl_max_blob_count	reports/evidence/api-c-link.json	PASS
function	fdb_tsl_query_count	fdb_tsl_query_count	c_test_fdb_tsl_query_count_acceptance	reports/evidence/api-c-link.json	PASS
function	fdb_tsl_set_status	fdb_tsl_set_status	c_test_fdb_tsl_set_status_acceptance	reports/evidence/api-c-link.json	PASS
function	fdb_tsl_to_blob	fdb_tsl_to_blob	c_test_fdb_tsl_iter_acceptance	reports/evidence/api-c-link.json	PASS
control	FDB_KVDB_CTRL_GET_SEC_SIZE	FDB_KVDB_CTRL_GET_SEC_SIZE	c_test_fdb_kvdb_init_acceptance	reports/evidence/api-c-link.json	PASS
control	FDB_KVDB_CTRL_SET_FILE_MODE	FDB_KVDB_CTRL_SET_FILE_MODE	c_test_fdb_kvdb_init_acceptance	reports/evidence/api-c-link.json	PASS
control	FDB_KVDB_CTRL_SET_LOCK	FDB_KVDB_CTRL_SET_LOCK	c_test_fdb_kvdb_init_acceptance	reports/evidence/api-c-link.json	PASS
control	FDB_KVDB_CTRL_SET_MAX_SIZE	FDB_KVDB_CTRL_SET_MAX_SIZE	c_test_fdb_scale_up_acceptance	reports/evidence/api-c-link.json	PASS
control	FDB_KVDB_CTRL_SET_NOT_FORMAT	FDB_KVDB_CTRL_SET_NOT_FORMAT	c_test_fdb_kvdb_init_acceptance	reports/evidence/api-c-link.json	PASS
control	FDB_KVDB_CTRL_SET_SEC_SIZE	FDB_KVDB_CTRL_SET_SEC_SIZE	c_test_fdb_kvdb_init_acceptance	reports/evidence/api-c-link.json	PASS
control	FDB_KVDB_CTRL_SET_UNLOCK	FDB_KVDB_CTRL_SET_UNLOCK	c_test_fdb_kvdb_init_acceptance	reports/evidence/api-c-link.json	PASS
control	FDB_TSDB_CTRL_GET_LAST_TIME	FDB_TSDB_CTRL_GET_LAST_TIME	c_test_fdb_tsl_append_acceptance	reports/evidence/api-c-link.json	PASS
control	FDB_TSDB_CTRL_GET_ROLLOVER	FDB_TSDB_CTRL_GET_ROLLOVER	c_test_fdb_tsdb_init_ex_acceptance	reports/evidence/api-c-link.json	PASS
control	FDB_TSDB_CTRL_GET_SEC_SIZE	FDB_TSDB_CTRL_GET_SEC_SIZE	c_test_fdb_tsdb_init_ex_acceptance	reports/evidence/api-c-link.json	PASS
control	FDB_TSDB_CTRL_SET_FILE_MODE	FDB_TSDB_CTRL_SET_FILE_MODE	c_test_fdb_tsdb_init_ex_acceptance	reports/evidence/api-c-link.json	PASS
control	FDB_TSDB_CTRL_SET_LOCK	FDB_TSDB_CTRL_SET_LOCK	c_test_fdb_tsdb_init_ex_acceptance	reports/evidence/api-c-link.json	PASS
control	FDB_TSDB_CTRL_SET_MAX_SIZE	FDB_TSDB_CTRL_SET_MAX_SIZE	c_test_fdb_tsdb_init_ex_acceptance	reports/evidence/api-c-link.json	PASS
control	FDB_TSDB_CTRL_SET_NOT_FORMAT	FDB_TSDB_CTRL_SET_NOT_FORMAT	c_test_fdb_github_issue_249_acceptance	reports/evidence/api-c-link.json	PASS
control	FDB_TSDB_CTRL_SET_ROLLOVER	FDB_TSDB_CTRL_SET_ROLLOVER	c_test_fdb_tsdb_init_ex_acceptance	reports/evidence/api-c-link.json	PASS
control	FDB_TSDB_CTRL_SET_SEC_SIZE	FDB_TSDB_CTRL_SET_SEC_SIZE	c_test_fdb_tsdb_init_ex_acceptance	reports/evidence/api-c-link.json	PASS
control	FDB_TSDB_CTRL_SET_UNLOCK	FDB_TSDB_CTRL_SET_UNLOCK	c_test_fdb_tsdb_init_ex_acceptance	reports/evidence/api-c-link.json	PASS
